triplestore;dataset;batch;cnt_batch_trpls;chunk_size;execution_time
GRAPHDB;bearc;snapshot_0;485178;1000;338.96640515327454
GRAPHDB;bearc;positive_change_set_1;273716;1000;179.01883816719055
GRAPHDB;bearc;negative_change_set_1;273294;1000;194.42343258857727
GRAPHDB;bearc;positive_change_set_2;279461;1000;202.4390218257904
GRAPHDB;bearc;negative_change_set_2;277422;1000;201.30896854400635
GRAPHDB;bearc;positive_change_set_3;299053;1000;212.05034494400024
GRAPHDB;bearc;negative_change_set_3;295548;1000;188.4570083618164
GRAPHDB;bearc;positive_change_set_4;277024;1000;191.1598379611969
GRAPHDB;bearc;negative_change_set_4;274320;1000;174.73493814468384
GRAPHDB;bearc;positive_change_set_5;277693;1000;185.30232620239258
GRAPHDB;bearc;negative_change_set_5;276654;1000;172.7737011909485
GRAPHDB;bearc;positive_change_set_6;282886;1000;199.53551530838013
GRAPHDB;bearc;negative_change_set_6;277790;1000;174.50820469856262
GRAPHDB;bearc;positive_change_set_7;337902;1000;250.74346733093262
GRAPHDB;bearc;negative_change_set_7;306592;1000;195.02370500564575
GRAPHDB;bearc;positive_change_set_8;293905;1000;206.19192123413086
GRAPHDB;bearc;negative_change_set_8;293479;1000;184.89496755599976
GRAPHDB;bearc;positive_change_set_9;335350;1000;236.32176399230957
GRAPHDB;bearc;negative_change_set_9;333095;1000;212.71189045906067
GRAPHDB;bearc;positive_change_set_10;335738;1000;242.49849390983582
GRAPHDB;bearc;negative_change_set_10;334905;1000;210.83949899673462
GRAPHDB;bearc;positive_change_set_11;338753;1000;239.57431316375732
GRAPHDB;bearc;negative_change_set_11;335954;1000;221.63474702835083
GRAPHDB;bearc;positive_change_set_12;126098;1000;99.88630437850952
GRAPHDB;bearc;negative_change_set_12;125657;1000;130.47478461265564
GRAPHDB;bearc;positive_change_set_13;339237;1000;253.82167553901672
GRAPHDB;bearc;negative_change_set_13;338634;1000;226.74347352981567
GRAPHDB;bearc;positive_change_set_14;338935;1000;270.37469124794006
GRAPHDB;bearc;negative_change_set_14;338603;1000;271.5001630783081
GRAPHDB;bearc;positive_change_set_15;340397;1000;263.243111371994
GRAPHDB;bearc;negative_change_set_15;336309;1000;229.4772229194641
GRAPHDB;bearc;positive_change_set_16;334232;1000;245.22483491897583
GRAPHDB;bearc;negative_change_set_16;334829;1000;224.40158605575562
GRAPHDB;bearc;positive_change_set_17;335428;1000;243.168869972229
GRAPHDB;bearc;negative_change_set_17;334012;1000;225.2031593322754
GRAPHDB;bearc;positive_change_set_18;335573;1000;247.02598357200623
GRAPHDB;bearc;negative_change_set_18;335238;1000;228.37510228157043
GRAPHDB;bearc;positive_change_set_19;331202;1000;251.39666152000427
GRAPHDB;bearc;negative_change_set_19;330369;1000;219.3054003715515
GRAPHDB;bearc;positive_change_set_20;339424;1000;254.2170078754425
GRAPHDB;bearc;negative_change_set_20;337199;1000;227.2194938659668
GRAPHDB;bearc;positive_change_set_21;336305;1000;248.7660059928894
GRAPHDB;bearc;negative_change_set_21;335885;1000;218.66187143325806
GRAPHDB;bearc;positive_change_set_22;337146;1000;258.417916059494
GRAPHDB;bearc;negative_change_set_22;336103;1000;221.15725803375244
GRAPHDB;bearc;positive_change_set_23;338516;1000;254.46309638023376
GRAPHDB;bearc;negative_change_set_23;336525;1000;223.614004611969
GRAPHDB;bearc;positive_change_set_24;332618;1000;245.17702341079712
GRAPHDB;bearc;negative_change_set_24;330615;1000;220.72059535980225
GRAPHDB;bearc;positive_change_set_25;313803;1000;235.4341938495636
GRAPHDB;bearc;negative_change_set_25;296078;1000;214.2183220386505
GRAPHDB;bearc;positive_change_set_26;349291;1000;262.38063073158264
GRAPHDB;bearc;negative_change_set_26;363968;1000;236.44135332107544
GRAPHDB;bearc;positive_change_set_27;80372;1000;60.4981791973114
GRAPHDB;bearc;negative_change_set_27;80351;1000;74.03410863876343
GRAPHDB;bearc;positive_change_set_28;24653;1000;19.541821241378784
GRAPHDB;bearc;negative_change_set_28;18545;1000;21.76496648788452
GRAPHDB;bearc;positive_change_set_29;290911;1000;210.09913730621338
GRAPHDB;bearc;negative_change_set_29;290442;1000;194.61571502685547
GRAPHDB;bearc;positive_change_set_30;292379;1000;218.38102555274963
GRAPHDB;bearc;negative_change_set_30;291218;1000;192.57485127449036
GRAPHDB;bearc;positive_change_set_31;33958;1000;28.76752996444702
GRAPHDB;bearc;negative_change_set_31;33877;1000;38.79591989517212
GRAPHDB;bearc;positive_change_set_32;43904;1000;35.69108510017395
GRAPHDB;bearc;negative_change_set_32;43794;1000;57.66583228111267
GRAPHDB;bearc;snapshot_0;485178;2000;318.9991731643677
GRAPHDB;bearc;positive_change_set_1;273716;2000;160.76574993133545
GRAPHDB;bearc;negative_change_set_1;273294;2000;168.47234869003296
GRAPHDB;bearc;positive_change_set_2;279461;2000;166.50315117835999
GRAPHDB;bearc;negative_change_set_2;277422;2000;152.0118067264557
GRAPHDB;bearc;positive_change_set_3;299053;2000;179.5241038799286
GRAPHDB;bearc;negative_change_set_3;295548;2000;164.76376032829285
GRAPHDB;bearc;positive_change_set_4;277024;2000;165.2447202205658
GRAPHDB;bearc;negative_change_set_4;274320;2000;153.34383130073547
GRAPHDB;bearc;positive_change_set_5;277693;2000;165.15380239486694
GRAPHDB;bearc;negative_change_set_5;276654;2000;152.24900341033936
GRAPHDB;bearc;positive_change_set_6;282886;2000;166.37458658218384
GRAPHDB;bearc;negative_change_set_6;277790;2000;153.21415781974792
GRAPHDB;bearc;positive_change_set_7;337902;2000;207.66069078445435
GRAPHDB;bearc;negative_change_set_7;306592;2000;175.10419368743896
GRAPHDB;bearc;positive_change_set_8;293905;2000;179.09385752677917
GRAPHDB;bearc;negative_change_set_8;293479;2000;166.6188850402832
GRAPHDB;bearc;positive_change_set_9;335350;2000;202.90105366706848
GRAPHDB;bearc;negative_change_set_9;333095;2000;182.14206647872925
GRAPHDB;bearc;positive_change_set_10;335738;2000;208.03728723526
GRAPHDB;bearc;negative_change_set_10;334905;2000;183.90935730934143
GRAPHDB;bearc;positive_change_set_11;338753;2000;206.25333786010742
GRAPHDB;bearc;negative_change_set_11;335954;2000;189.0582172870636
GRAPHDB;bearc;positive_change_set_12;126098;2000;77.72888422012329
GRAPHDB;bearc;negative_change_set_12;125657;2000;86.11754322052002
GRAPHDB;bearc;positive_change_set_13;339237;2000;204.15166640281677
GRAPHDB;bearc;negative_change_set_13;338634;2000;189.47359943389893
GRAPHDB;bearc;positive_change_set_14;338935;2000;209.06735396385193
GRAPHDB;bearc;negative_change_set_14;338603;2000;188.1912863254547
GRAPHDB;bearc;positive_change_set_15;340397;2000;213.13863515853882
GRAPHDB;bearc;negative_change_set_15;336309;2000;185.36179399490356
GRAPHDB;bearc;positive_change_set_16;334232;2000;206.59607696533203
GRAPHDB;bearc;negative_change_set_16;334829;2000;186.50921535491943
GRAPHDB;bearc;positive_change_set_17;335428;2000;204.9526970386505
GRAPHDB;bearc;negative_change_set_17;334012;2000;182.86344146728516
GRAPHDB;bearc;positive_change_set_18;335573;2000;202.93192982673645
GRAPHDB;bearc;negative_change_set_18;335238;2000;187.02464938163757
GRAPHDB;bearc;positive_change_set_19;331202;2000;207.6145043373108
GRAPHDB;bearc;negative_change_set_19;330369;2000;187.55669856071472
GRAPHDB;bearc;positive_change_set_20;339424;2000;209.9618890285492
GRAPHDB;bearc;negative_change_set_20;337199;2000;194.70437383651733
GRAPHDB;bearc;positive_change_set_21;336305;2000;209.3035111427307
GRAPHDB;bearc;negative_change_set_21;335885;2000;187.5488052368164
GRAPHDB;bearc;positive_change_set_22;337146;2000;211.42797756195068
GRAPHDB;bearc;negative_change_set_22;336103;2000;190.36781525611877
GRAPHDB;bearc;positive_change_set_23;338516;2000;213.62984251976013
GRAPHDB;bearc;negative_change_set_23;336525;2000;188.29883790016174
GRAPHDB;bearc;positive_change_set_24;332618;2000;205.95683336257935
GRAPHDB;bearc;negative_change_set_24;330615;2000;190.55829906463623
GRAPHDB;bearc;positive_change_set_25;313803;2000;196.0973560810089
GRAPHDB;bearc;negative_change_set_25;296078;2000;183.2239260673523
GRAPHDB;bearc;positive_change_set_26;349291;2000;220.30998706817627
GRAPHDB;bearc;negative_change_set_26;363968;2000;208.40938210487366
GRAPHDB;bearc;positive_change_set_27;80372;2000;54.2309844493866
GRAPHDB;bearc;negative_change_set_27;80351;2000;66.67249608039856
GRAPHDB;bearc;positive_change_set_28;24653;2000;16.884002208709717
GRAPHDB;bearc;negative_change_set_28;18545;2000;20.40176296234131
GRAPHDB;bearc;positive_change_set_29;290911;2000;183.69137358665466
GRAPHDB;bearc;negative_change_set_29;290442;2000;171.9181056022644
GRAPHDB;bearc;positive_change_set_30;292379;2000;190.63974976539612
GRAPHDB;bearc;negative_change_set_30;291218;2000;169.58408617973328
GRAPHDB;bearc;positive_change_set_31;33958;2000;25.154675483703613
GRAPHDB;bearc;negative_change_set_31;33877;2000;34.42999196052551
GRAPHDB;bearc;positive_change_set_32;43904;2000;32.3474657535553
GRAPHDB;bearc;negative_change_set_32;43794;2000;46.205453634262085
GRAPHDB;bearc;snapshot_0;485178;3000;298.5709433555603
GRAPHDB;bearc;positive_change_set_1;273716;3000;144.58245277404785
GRAPHDB;bearc;negative_change_set_1;273294;3000;157.10079288482666
GRAPHDB;bearc;positive_change_set_2;279461;3000;151.15877676010132
GRAPHDB;bearc;negative_change_set_2;277422;3000;144.29210305213928
GRAPHDB;bearc;positive_change_set_3;299053;3000;166.18744897842407
GRAPHDB;bearc;negative_change_set_3;295548;3000;155.64346766471863
GRAPHDB;bearc;positive_change_set_4;277024;3000;153.93503308296204
GRAPHDB;bearc;negative_change_set_4;274320;3000;143.85264086723328
GRAPHDB;bearc;positive_change_set_5;277693;3000;151.50801920890808
GRAPHDB;bearc;negative_change_set_5;276654;3000;146.43077397346497
GRAPHDB;bearc;positive_change_set_6;282886;3000;157.36566185951233
GRAPHDB;bearc;negative_change_set_6;277790;3000;146.49170851707458
GRAPHDB;bearc;positive_change_set_7;337902;3000;197.42464447021484
GRAPHDB;bearc;negative_change_set_7;306592;3000;161.6920042037964
GRAPHDB;bearc;positive_change_set_8;293905;3000;170.03666257858276
GRAPHDB;bearc;negative_change_set_8;293479;3000;155.56986260414124
GRAPHDB;bearc;positive_change_set_9;335350;3000;188.94961285591125
GRAPHDB;bearc;negative_change_set_9;333095;3000;174.56846404075623
GRAPHDB;bearc;positive_change_set_10;335738;3000;192.23831295967102
GRAPHDB;bearc;negative_change_set_10;334905;3000;176.80983996391296
GRAPHDB;bearc;positive_change_set_11;338753;3000;195.46805882453918
GRAPHDB;bearc;negative_change_set_11;335954;3000;177.90857028961182
GRAPHDB;bearc;positive_change_set_12;126098;3000;77.10241174697876
GRAPHDB;bearc;negative_change_set_12;125657;3000;83.27915287017822
GRAPHDB;bearc;positive_change_set_13;339237;3000;191.33440446853638
GRAPHDB;bearc;negative_change_set_13;338634;3000;178.06448435783386
GRAPHDB;bearc;positive_change_set_14;338935;3000;196.0858747959137
GRAPHDB;bearc;negative_change_set_14;338603;3000;179.01358032226562
GRAPHDB;bearc;positive_change_set_15;340397;3000;196.6067509651184
GRAPHDB;bearc;negative_change_set_15;336309;3000;179.01790118217468
GRAPHDB;bearc;positive_change_set_16;334232;3000;199.33068466186523
GRAPHDB;bearc;negative_change_set_16;334829;3000;176.5675950050354
GRAPHDB;bearc;positive_change_set_17;335428;3000;197.08021473884583
GRAPHDB;bearc;negative_change_set_17;334012;3000;175.81332898139954
GRAPHDB;bearc;positive_change_set_18;335573;3000;194.60834074020386
GRAPHDB;bearc;negative_change_set_18;335238;3000;181.70602464675903
GRAPHDB;bearc;positive_change_set_19;331202;3000;195.88971042633057
GRAPHDB;bearc;negative_change_set_19;330369;3000;177.09888291358948
GRAPHDB;bearc;positive_change_set_20;339424;3000;209.50263738632202
GRAPHDB;bearc;negative_change_set_20;337199;3000;206.7393937110901
GRAPHDB;bearc;positive_change_set_21;336305;3000;203.02240920066833
GRAPHDB;bearc;negative_change_set_21;335885;3000;183.09565615653992
GRAPHDB;bearc;positive_change_set_22;337146;3000;205.77660822868347
GRAPHDB;bearc;negative_change_set_22;336103;3000;179.70859837532043
GRAPHDB;bearc;positive_change_set_23;338516;3000;198.6684172153473
GRAPHDB;bearc;negative_change_set_23;336525;3000;179.88693523406982
GRAPHDB;bearc;positive_change_set_24;332618;3000;196.8502378463745
GRAPHDB;bearc;negative_change_set_24;330615;3000;185.16707754135132
GRAPHDB;bearc;positive_change_set_25;313803;3000;187.67517924308777
GRAPHDB;bearc;negative_change_set_25;296078;3000;177.07195830345154
GRAPHDB;bearc;positive_change_set_26;349291;3000;209.0508050918579
GRAPHDB;bearc;negative_change_set_26;363968;3000;223.67763423919678
GRAPHDB;bearc;positive_change_set_27;80372;3000;53.36993074417114
GRAPHDB;bearc;negative_change_set_27;80351;3000;65.52323484420776
GRAPHDB;bearc;positive_change_set_28;24653;3000;16.056466102600098
GRAPHDB;bearc;negative_change_set_28;18545;3000;20.763358116149902
GRAPHDB;bearc;positive_change_set_29;290911;3000;173.64086651802063
GRAPHDB;bearc;negative_change_set_29;290442;3000;167.42735838890076
GRAPHDB;bearc;positive_change_set_30;292379;3000;179.86408972740173
GRAPHDB;bearc;negative_change_set_30;291218;3000;163.4830961227417
GRAPHDB;bearc;positive_change_set_31;33958;3000;24.444396018981934
GRAPHDB;bearc;negative_change_set_31;33877;3000;33.50183176994324
GRAPHDB;bearc;positive_change_set_32;43904;3000;29.403734922409058
GRAPHDB;bearc;negative_change_set_32;43794;3000;45.36550998687744
GRAPHDB;bearc;snapshot_0;485178;4000;286.3851087093353
GRAPHDB;bearc;positive_change_set_1;273716;4000;146.37933492660522
GRAPHDB;bearc;negative_change_set_1;273294;4000;162.31229948997498
GRAPHDB;bearc;positive_change_set_2;279461;4000;146.38474655151367
GRAPHDB;bearc;negative_change_set_2;277422;4000;144.54688239097595
GRAPHDB;bearc;positive_change_set_3;299053;4000;159.8703954219818
GRAPHDB;bearc;negative_change_set_3;295548;4000;152.71218061447144
GRAPHDB;bearc;positive_change_set_4;277024;4000;145.6939401626587
GRAPHDB;bearc;negative_change_set_4;274320;4000;143.67250776290894
GRAPHDB;bearc;positive_change_set_5;277693;4000;152.9168038368225
GRAPHDB;bearc;negative_change_set_5;276654;4000;143.412659406662
GRAPHDB;bearc;positive_change_set_6;282886;4000;152.19391465187073
GRAPHDB;bearc;negative_change_set_6;277790;4000;142.74244904518127
GRAPHDB;bearc;positive_change_set_7;337902;4000;193.9000997543335
GRAPHDB;bearc;negative_change_set_7;306592;4000;159.09627079963684
GRAPHDB;bearc;positive_change_set_8;293905;4000;164.60765600204468
GRAPHDB;bearc;negative_change_set_8;293479;4000;152.65078735351562
GRAPHDB;bearc;positive_change_set_9;335350;4000;185.4696168899536
GRAPHDB;bearc;negative_change_set_9;333095;4000;169.97644019126892
GRAPHDB;bearc;positive_change_set_10;335738;4000;185.3815634250641
GRAPHDB;bearc;negative_change_set_10;334905;4000;174.87856125831604
GRAPHDB;bearc;positive_change_set_11;338753;4000;191.09062433242798
GRAPHDB;bearc;negative_change_set_11;335954;4000;173.6949005126953
GRAPHDB;bearc;positive_change_set_12;126098;4000;73.07322192192078
GRAPHDB;bearc;negative_change_set_12;125657;4000;79.80291891098022
GRAPHDB;bearc;positive_change_set_13;339237;4000;188.54531836509705
GRAPHDB;bearc;negative_change_set_13;338634;4000;178.7950782775879
GRAPHDB;bearc;positive_change_set_14;338935;4000;191.2646119594574
GRAPHDB;bearc;negative_change_set_14;338603;4000;172.8174557685852
GRAPHDB;bearc;positive_change_set_15;340397;4000;189.6635880470276
GRAPHDB;bearc;negative_change_set_15;336309;4000;172.5016474723816
GRAPHDB;bearc;positive_change_set_16;334232;4000;185.687890291214
GRAPHDB;bearc;negative_change_set_16;334829;4000;176.2053999900818
GRAPHDB;bearc;positive_change_set_17;335428;4000;187.46870160102844
GRAPHDB;bearc;negative_change_set_17;334012;4000;170.73347902297974
GRAPHDB;bearc;positive_change_set_18;335573;4000;192.10215091705322
GRAPHDB;bearc;negative_change_set_18;335238;4000;175.0963578224182
GRAPHDB;bearc;positive_change_set_19;331202;4000;193.8012375831604
GRAPHDB;bearc;negative_change_set_19;330369;4000;170.31969261169434
GRAPHDB;bearc;positive_change_set_20;339424;4000;200.45925855636597
GRAPHDB;bearc;negative_change_set_20;337199;4000;201.94213819503784
GRAPHDB;bearc;positive_change_set_21;336305;4000;196.8964228630066
GRAPHDB;bearc;negative_change_set_21;335885;4000;175.9803831577301
GRAPHDB;bearc;positive_change_set_22;337146;4000;197.51573824882507
GRAPHDB;bearc;negative_change_set_22;336103;4000;178.18974351882935
GRAPHDB;bearc;positive_change_set_23;338516;4000;210.272132396698
GRAPHDB;bearc;negative_change_set_23;336525;4000;179.36897015571594
GRAPHDB;bearc;positive_change_set_24;332618;4000;195.4546992778778
GRAPHDB;bearc;negative_change_set_24;330615;4000;176.79474091529846
GRAPHDB;bearc;positive_change_set_25;313803;4000;182.0072672367096
GRAPHDB;bearc;negative_change_set_25;296078;4000;169.95752787590027
GRAPHDB;bearc;positive_change_set_26;349291;4000;205.61980414390564
GRAPHDB;bearc;negative_change_set_26;363968;4000;192.33233642578125
GRAPHDB;bearc;positive_change_set_27;80372;4000;51.232362031936646
GRAPHDB;bearc;negative_change_set_27;80351;4000;64.20367622375488
GRAPHDB;bearc;positive_change_set_28;24653;4000;16.011432886123657
GRAPHDB;bearc;negative_change_set_28;18545;4000;20.061310291290283
GRAPHDB;bearc;positive_change_set_29;290911;4000;174.58705520629883
GRAPHDB;bearc;negative_change_set_29;290442;4000;158.26979899406433
GRAPHDB;bearc;positive_change_set_30;292379;4000;180.01486945152283
GRAPHDB;bearc;negative_change_set_30;291218;4000;159.22864961624146
GRAPHDB;bearc;positive_change_set_31;33958;4000;23.989893913269043
GRAPHDB;bearc;negative_change_set_31;33877;4000;32.132017612457275
GRAPHDB;bearc;positive_change_set_32;43904;4000;29.203864574432373
GRAPHDB;bearc;negative_change_set_32;43794;4000;40.7461256980896
GRAPHDB;bearc;snapshot_0;485178;5000;298.8272042274475
GRAPHDB;bearc;positive_change_set_1;273716;5000;140.07912421226501
GRAPHDB;bearc;negative_change_set_1;273294;5000;145.827401638031
GRAPHDB;bearc;positive_change_set_2;279461;5000;150.61510848999023
GRAPHDB;bearc;negative_change_set_2;277422;5000;139.19569492340088
GRAPHDB;bearc;positive_change_set_3;299053;5000;161.91781878471375
GRAPHDB;bearc;negative_change_set_3;295548;5000;154.06013560295105
GRAPHDB;bearc;positive_change_set_4;277024;5000;151.92355704307556
GRAPHDB;bearc;negative_change_set_4;274320;5000;137.8201334476471
GRAPHDB;bearc;positive_change_set_5;277693;5000;146.60870170593262
GRAPHDB;bearc;negative_change_set_5;276654;5000;140.12404990196228
GRAPHDB;bearc;positive_change_set_6;282886;5000;152.8898365497589
GRAPHDB;bearc;negative_change_set_6;277790;5000;140.9842734336853
GRAPHDB;bearc;positive_change_set_7;337902;5000;188.8008725643158
GRAPHDB;bearc;negative_change_set_7;306592;5000;156.45561623573303
GRAPHDB;bearc;positive_change_set_8;293905;5000;160.83738827705383
GRAPHDB;bearc;negative_change_set_8;293479;5000;153.38085675239563
GRAPHDB;bearc;positive_change_set_9;335350;5000;184.6602919101715
GRAPHDB;bearc;negative_change_set_9;333095;5000;168.24620413780212
GRAPHDB;bearc;positive_change_set_10;335738;5000;185.90336298942566
GRAPHDB;bearc;negative_change_set_10;334905;5000;168.13920378684998
GRAPHDB;bearc;positive_change_set_11;338753;5000;187.4589774608612
GRAPHDB;bearc;negative_change_set_11;335954;5000;170.15607118606567
GRAPHDB;bearc;positive_change_set_12;126098;5000;74.78531050682068
GRAPHDB;bearc;negative_change_set_12;125657;5000;80.98846936225891
GRAPHDB;bearc;positive_change_set_13;339237;5000;191.9495871067047
GRAPHDB;bearc;negative_change_set_13;338634;5000;173.71532154083252
GRAPHDB;bearc;positive_change_set_14;338935;5000;188.62642359733582
GRAPHDB;bearc;negative_change_set_14;338603;5000;170.6435408592224
GRAPHDB;bearc;positive_change_set_15;340397;5000;190.54906034469604
GRAPHDB;bearc;negative_change_set_15;336309;5000;169.38987755775452
GRAPHDB;bearc;positive_change_set_16;334232;5000;191.71297645568848
GRAPHDB;bearc;negative_change_set_16;334829;5000;171.7283637523651
GRAPHDB;bearc;positive_change_set_17;335428;5000;194.07799696922302
GRAPHDB;bearc;negative_change_set_17;334012;5000;172.78165769577026
GRAPHDB;bearc;positive_change_set_18;335573;5000;195.6454153060913
GRAPHDB;bearc;negative_change_set_18;335238;5000;179.13777709007263
GRAPHDB;bearc;positive_change_set_19;331202;5000;188.75253081321716
GRAPHDB;bearc;negative_change_set_19;330369;5000;173.38103318214417
GRAPHDB;bearc;positive_change_set_20;339424;5000;194.7491753101349
GRAPHDB;bearc;negative_change_set_20;337199;5000;175.23370146751404
GRAPHDB;bearc;positive_change_set_21;336305;5000;191.63636779785156
GRAPHDB;bearc;negative_change_set_21;335885;5000;172.87182641029358
GRAPHDB;bearc;positive_change_set_22;337146;5000;190.62053966522217
GRAPHDB;bearc;negative_change_set_22;336103;5000;172.02110314369202
GRAPHDB;bearc;positive_change_set_23;338516;5000;193.8778531551361
GRAPHDB;bearc;negative_change_set_23;336525;5000;172.3169014453888
GRAPHDB;bearc;positive_change_set_24;332618;5000;192.63695454597473
GRAPHDB;bearc;negative_change_set_24;330615;5000;171.30652904510498
GRAPHDB;bearc;positive_change_set_25;313803;5000;182.38263392448425
GRAPHDB;bearc;negative_change_set_25;296078;5000;168.34073901176453
GRAPHDB;bearc;positive_change_set_26;349291;5000;199.42490243911743
GRAPHDB;bearc;negative_change_set_26;363968;5000;188.87813901901245
GRAPHDB;bearc;positive_change_set_27;80372;5000;49.8981409072876
GRAPHDB;bearc;negative_change_set_27;80351;5000;62.63221740722656
GRAPHDB;bearc;positive_change_set_28;24653;5000;15.141222476959229
GRAPHDB;bearc;negative_change_set_28;18545;5000;19.98236346244812
GRAPHDB;bearc;positive_change_set_29;290911;5000;169.48925232887268
GRAPHDB;bearc;negative_change_set_29;290442;5000;158.45697498321533
GRAPHDB;bearc;positive_change_set_30;292379;5000;169.85569739341736
GRAPHDB;bearc;negative_change_set_30;291218;5000;154.62947487831116
GRAPHDB;bearc;positive_change_set_31;33958;5000;23.143755674362183
GRAPHDB;bearc;negative_change_set_31;33877;5000;31.584501028060913
GRAPHDB;bearc;positive_change_set_32;43904;5000;28.34176254272461
GRAPHDB;bearc;negative_change_set_32;43794;5000;40.09481930732727
GRAPHDB;bearc;snapshot_0;485178;6000;291.9673614501953
GRAPHDB;bearc;positive_change_set_1;273716;6000;142.29480838775635
GRAPHDB;bearc;negative_change_set_1;273294;6000;146.6879677772522
GRAPHDB;bearc;positive_change_set_2;279461;6000;148.5206995010376
GRAPHDB;bearc;negative_change_set_2;277422;6000;141.64992022514343
GRAPHDB;bearc;positive_change_set_3;299053;6000;156.29992938041687
GRAPHDB;bearc;negative_change_set_3;295548;6000;148.22975373268127
GRAPHDB;bearc;positive_change_set_4;277024;6000;140.77052283287048
GRAPHDB;bearc;negative_change_set_4;274320;6000;137.73016262054443
GRAPHDB;bearc;positive_change_set_5;277693;6000;140.87943124771118
GRAPHDB;bearc;negative_change_set_5;276654;6000;136.92688822746277
GRAPHDB;bearc;positive_change_set_6;282886;6000;145.53806233406067
GRAPHDB;bearc;negative_change_set_6;277790;6000;136.57227611541748
GRAPHDB;bearc;positive_change_set_7;337902;6000;185.58987736701965
GRAPHDB;bearc;negative_change_set_7;306592;6000;154.60118436813354
GRAPHDB;bearc;positive_change_set_8;293905;6000;159.48485255241394
GRAPHDB;bearc;negative_change_set_8;293479;6000;148.90110969543457
GRAPHDB;bearc;positive_change_set_9;335350;6000;177.68719625473022
GRAPHDB;bearc;negative_change_set_9;333095;6000;166.9209156036377
GRAPHDB;bearc;positive_change_set_10;335738;6000;184.82393193244934
GRAPHDB;bearc;negative_change_set_10;334905;6000;187.20510411262512
GRAPHDB;bearc;positive_change_set_11;338753;6000;182.9109811782837
GRAPHDB;bearc;negative_change_set_11;335954;6000;164.39551162719727
GRAPHDB;bearc;positive_change_set_12;126098;6000;70.13068842887878
GRAPHDB;bearc;negative_change_set_12;125657;6000;78.97532415390015
GRAPHDB;bearc;positive_change_set_13;339237;6000;183.30976581573486
GRAPHDB;bearc;negative_change_set_13;338634;6000;171.30114269256592
GRAPHDB;bearc;positive_change_set_14;338935;6000;183.0416760444641
GRAPHDB;bearc;negative_change_set_14;338603;6000;165.29136776924133
GRAPHDB;bearc;positive_change_set_15;340397;6000;191.31958627700806
GRAPHDB;bearc;negative_change_set_15;336309;6000;165.4451789855957
GRAPHDB;bearc;positive_change_set_16;334232;6000;179.8741147518158
GRAPHDB;bearc;negative_change_set_16;334829;6000;167.46689653396606
GRAPHDB;bearc;positive_change_set_17;335428;6000;182.04438734054565
GRAPHDB;bearc;negative_change_set_17;334012;6000;165.7421908378601
GRAPHDB;bearc;positive_change_set_18;335573;6000;192.2748475074768
GRAPHDB;bearc;negative_change_set_18;335238;6000;167.12555480003357
GRAPHDB;bearc;positive_change_set_19;331202;6000;182.00310134887695
GRAPHDB;bearc;negative_change_set_19;330369;6000;163.8336124420166
GRAPHDB;bearc;positive_change_set_20;339424;6000;185.7554967403412
GRAPHDB;bearc;negative_change_set_20;337199;6000;172.09647393226624
GRAPHDB;bearc;positive_change_set_21;336305;6000;188.7514889240265
GRAPHDB;bearc;negative_change_set_21;335885;6000;171.41046738624573
GRAPHDB;bearc;positive_change_set_22;337146;6000;198.86479830741882
GRAPHDB;bearc;negative_change_set_22;336103;6000;179.78097534179688
GRAPHDB;bearc;positive_change_set_23;338516;6000;198.57013964653015
GRAPHDB;bearc;negative_change_set_23;336525;6000;181.09392929077148
GRAPHDB;bearc;positive_change_set_24;332618;6000;185.77219796180725
GRAPHDB;bearc;negative_change_set_24;330615;6000;170.27661776542664
GRAPHDB;bearc;positive_change_set_25;313803;6000;177.2574667930603
GRAPHDB;bearc;negative_change_set_25;296078;6000;163.97808170318604
GRAPHDB;bearc;positive_change_set_26;349291;6000;198.9165599346161
GRAPHDB;bearc;negative_change_set_26;363968;6000;187.09454989433289
GRAPHDB;bearc;positive_change_set_27;80372;6000;50.69099020957947
GRAPHDB;bearc;negative_change_set_27;80351;6000;61.9307005405426
GRAPHDB;bearc;positive_change_set_28;24653;6000;14.915553569793701
GRAPHDB;bearc;negative_change_set_28;18545;6000;19.218388557434082
GRAPHDB;bearc;positive_change_set_29;290911;6000;169.63370060920715
GRAPHDB;bearc;negative_change_set_29;290442;6000;153.79591369628906
GRAPHDB;bearc;positive_change_set_30;292379;6000;165.7373468875885
GRAPHDB;bearc;negative_change_set_30;291218;6000;153.29530382156372
GRAPHDB;bearc;positive_change_set_31;33958;6000;22.209341764450073
GRAPHDB;bearc;negative_change_set_31;33877;6000;34.599140644073486
GRAPHDB;bearc;positive_change_set_32;43904;6000;29.17081594467163
GRAPHDB;bearc;negative_change_set_32;43794;6000;43.78579616546631
GRAPHDB;bearc;snapshot_0;485178;7000;285.45832562446594
GRAPHDB;bearc;positive_change_set_1;273716;7000;139.636620759964
GRAPHDB;bearc;negative_change_set_1;273294;7000;141.64327216148376
GRAPHDB;bearc;positive_change_set_2;279461;7000;137.60756015777588
GRAPHDB;bearc;negative_change_set_2;277422;7000;137.69790816307068
GRAPHDB;bearc;positive_change_set_3;299053;7000;159.8980495929718
GRAPHDB;bearc;negative_change_set_3;295548;7000;144.63815259933472
GRAPHDB;bearc;positive_change_set_4;277024;7000;142.52315950393677
GRAPHDB;bearc;negative_change_set_4;274320;7000;137.54669547080994
GRAPHDB;bearc;positive_change_set_5;277693;7000;143.8739790916443
GRAPHDB;bearc;negative_change_set_5;276654;7000;136.1636245250702
GRAPHDB;bearc;positive_change_set_6;282886;7000;146.61228156089783
GRAPHDB;bearc;negative_change_set_6;277790;7000;136.430011510849
GRAPHDB;bearc;positive_change_set_7;337902;7000;179.5307092666626
GRAPHDB;bearc;negative_change_set_7;306592;7000;150.91139101982117
GRAPHDB;bearc;positive_change_set_8;293905;7000;156.15507626533508
GRAPHDB;bearc;negative_change_set_8;293479;7000;148.02245998382568
GRAPHDB;bearc;positive_change_set_9;335350;7000;173.92361879348755
GRAPHDB;bearc;negative_change_set_9;333095;7000;162.09082651138306
GRAPHDB;bearc;positive_change_set_10;335738;7000;177.40355014801025
GRAPHDB;bearc;negative_change_set_10;334905;7000;164.70124650001526
GRAPHDB;bearc;positive_change_set_11;338753;7000;180.71038246154785
GRAPHDB;bearc;negative_change_set_11;335954;7000;168.20114421844482
GRAPHDB;bearc;positive_change_set_12;126098;7000;68.5571072101593
GRAPHDB;bearc;negative_change_set_12;125657;7000;78.630202293396
GRAPHDB;bearc;positive_change_set_13;339237;7000;180.07801747322083
GRAPHDB;bearc;negative_change_set_13;338634;7000;170.54242825508118
GRAPHDB;bearc;positive_change_set_14;338935;7000;186.541485786438
GRAPHDB;bearc;negative_change_set_14;338603;7000;168.86843395233154
GRAPHDB;bearc;positive_change_set_15;340397;7000;179.31980323791504
GRAPHDB;bearc;negative_change_set_15;336309;7000;164.27148628234863
GRAPHDB;bearc;positive_change_set_16;334232;7000;189.53386521339417
GRAPHDB;bearc;negative_change_set_16;334829;7000;193.46278762817383
GRAPHDB;bearc;positive_change_set_17;335428;7000;180.1184594631195
GRAPHDB;bearc;negative_change_set_17;334012;7000;169.91677832603455
GRAPHDB;bearc;positive_change_set_18;335573;7000;180.8678641319275
GRAPHDB;bearc;negative_change_set_18;335238;7000;176.03979802131653
GRAPHDB;bearc;positive_change_set_19;331202;7000;194.14489364624023
GRAPHDB;bearc;negative_change_set_19;330369;7000;183.69841313362122
GRAPHDB;bearc;positive_change_set_20;339424;7000;184.62740874290466
GRAPHDB;bearc;negative_change_set_20;337199;7000;179.79939699172974
GRAPHDB;bearc;positive_change_set_21;336305;7000;190.8371548652649
GRAPHDB;bearc;negative_change_set_21;335885;7000;174.41168665885925
GRAPHDB;bearc;positive_change_set_22;337146;7000;191.0696096420288
GRAPHDB;bearc;negative_change_set_22;336103;7000;173.40481853485107
GRAPHDB;bearc;positive_change_set_23;338516;7000;184.8178460597992
GRAPHDB;bearc;negative_change_set_23;336525;7000;175.74194025993347
GRAPHDB;bearc;positive_change_set_24;332618;7000;183.14966750144958
GRAPHDB;bearc;negative_change_set_24;330615;7000;171.5331585407257
GRAPHDB;bearc;positive_change_set_25;313803;7000;169.60837817192078
GRAPHDB;bearc;negative_change_set_25;296078;7000;167.5322630405426
GRAPHDB;bearc;positive_change_set_26;349291;7000;201.9982841014862
GRAPHDB;bearc;negative_change_set_26;363968;7000;193.03264451026917
GRAPHDB;bearc;positive_change_set_27;80372;7000;48.06843018531799
GRAPHDB;bearc;negative_change_set_27;80351;7000;63.315834760665894
GRAPHDB;bearc;positive_change_set_28;24653;7000;14.726575136184692
GRAPHDB;bearc;negative_change_set_28;18545;7000;19.479381322860718
GRAPHDB;bearc;positive_change_set_29;290911;7000;161.20059871673584
GRAPHDB;bearc;negative_change_set_29;290442;7000;158.0963237285614
GRAPHDB;bearc;positive_change_set_30;292379;7000;165.28571605682373
GRAPHDB;bearc;negative_change_set_30;291218;7000;155.62351393699646
GRAPHDB;bearc;positive_change_set_31;33958;7000;21.965982913970947
GRAPHDB;bearc;negative_change_set_31;33877;7000;32.03155493736267
GRAPHDB;bearc;positive_change_set_32;43904;7000;27.820327758789062
GRAPHDB;bearc;negative_change_set_32;43794;7000;43.160361766815186
GRAPHDB;bearc;snapshot_0;485178;8000;274.8071722984314
GRAPHDB;bearc;positive_change_set_1;273716;8000;132.35646677017212
GRAPHDB;bearc;negative_change_set_1;273294;8000;143.49947953224182
GRAPHDB;bearc;positive_change_set_2;279461;8000;136.90625405311584
GRAPHDB;bearc;negative_change_set_2;277422;8000;130.99184894561768
GRAPHDB;bearc;positive_change_set_3;299053;8000;157.22262573242188
GRAPHDB;bearc;negative_change_set_3;295548;8000;150.9818193912506
GRAPHDB;bearc;positive_change_set_4;277024;8000;140.66414761543274
GRAPHDB;bearc;negative_change_set_4;274320;8000;139.71660900115967
GRAPHDB;bearc;positive_change_set_5;277693;8000;139.10928201675415
GRAPHDB;bearc;negative_change_set_5;276654;8000;138.67410731315613
GRAPHDB;bearc;positive_change_set_6;282886;8000;142.14105558395386
GRAPHDB;bearc;negative_change_set_6;277790;8000;138.8697328567505
GRAPHDB;bearc;positive_change_set_7;337902;8000;187.59011101722717
GRAPHDB;bearc;negative_change_set_7;306592;8000;152.5538067817688
GRAPHDB;bearc;positive_change_set_8;293905;8000;169.7618112564087
GRAPHDB;bearc;negative_change_set_8;293479;8000;148.44993782043457
GRAPHDB;bearc;positive_change_set_9;335350;8000;193.07808542251587
GRAPHDB;bearc;negative_change_set_9;333095;8000;178.2416136264801
GRAPHDB;bearc;positive_change_set_10;335738;8000;216.97863698005676
GRAPHDB;bearc;negative_change_set_10;334905;8000;158.14577722549438
GRAPHDB;bearc;positive_change_set_11;338753;8000;214.09701657295227
GRAPHDB;bearc;negative_change_set_11;335954;8000;172.85379433631897
GRAPHDB;bearc;positive_change_set_12;126098;8000;75.5967447757721
GRAPHDB;bearc;negative_change_set_12;125657;8000;82.61057424545288
GRAPHDB;bearc;positive_change_set_13;339237;8000;197.8283703327179
GRAPHDB;bearc;negative_change_set_13;338634;8000;171.9798755645752
GRAPHDB;bearc;positive_change_set_14;338935;8000;181.83840465545654
GRAPHDB;bearc;negative_change_set_14;338603;8000;168.9128713607788
GRAPHDB;bearc;positive_change_set_15;340397;8000;189.01178121566772
GRAPHDB;bearc;negative_change_set_15;336309;8000;166.19705939292908
GRAPHDB;bearc;positive_change_set_16;334232;8000;196.8359088897705
GRAPHDB;bearc;negative_change_set_16;334829;8000;166.25023007392883
GRAPHDB;bearc;positive_change_set_17;335428;8000;193.0525245666504
GRAPHDB;bearc;negative_change_set_17;334012;8000;167.3572165966034
GRAPHDB;bearc;positive_change_set_18;335573;8000;199.3792474269867
GRAPHDB;bearc;negative_change_set_18;335238;8000;171.29923343658447
GRAPHDB;bearc;positive_change_set_19;331202;8000;181.26145195960999
GRAPHDB;bearc;negative_change_set_19;330369;8000;166.632404088974
GRAPHDB;bearc;positive_change_set_20;339424;8000;186.45768570899963
GRAPHDB;bearc;negative_change_set_20;337199;8000;169.19398736953735
GRAPHDB;bearc;positive_change_set_21;336305;8000;185.22230672836304
GRAPHDB;bearc;negative_change_set_21;335885;8000;167.28249335289001
GRAPHDB;bearc;positive_change_set_22;337146;8000;193.70710492134094
GRAPHDB;bearc;negative_change_set_22;336103;8000;166.2940492630005
GRAPHDB;bearc;positive_change_set_23;338516;8000;189.91065979003906
GRAPHDB;bearc;negative_change_set_23;336525;8000;166.42041063308716
GRAPHDB;bearc;positive_change_set_24;332618;8000;188.08237385749817
GRAPHDB;bearc;negative_change_set_24;330615;8000;182.99578166007996
GRAPHDB;bearc;positive_change_set_25;313803;8000;201.4270887374878
GRAPHDB;bearc;negative_change_set_25;296078;8000;182.56785583496094
GRAPHDB;bearc;positive_change_set_26;349291;8000;193.60107231140137
GRAPHDB;bearc;negative_change_set_26;363968;8000;189.83497285842896
GRAPHDB;bearc;positive_change_set_27;80372;8000;60.035592794418335
GRAPHDB;bearc;negative_change_set_27;80351;8000;68.66081261634827
GRAPHDB;bearc;positive_change_set_28;24653;8000;14.803988218307495
GRAPHDB;bearc;negative_change_set_28;18545;8000;19.453240156173706
GRAPHDB;bearc;positive_change_set_29;290911;8000;175.76923513412476
GRAPHDB;bearc;negative_change_set_29;290442;8000;151.85996675491333
GRAPHDB;bearc;positive_change_set_30;292379;8000;164.38428282737732
GRAPHDB;bearc;negative_change_set_30;291218;8000;160.0407931804657
GRAPHDB;bearc;positive_change_set_31;33958;8000;22.13996434211731
GRAPHDB;bearc;negative_change_set_31;33877;8000;30.049049854278564
GRAPHDB;bearc;positive_change_set_32;43904;8000;27.693174123764038
GRAPHDB;bearc;negative_change_set_32;43794;8000;36.19391703605652
